month,region,region_code,claimant_count
January 2005,North East,E12000001,48175
January 2005,North West,E12000002,101030
January 2005,Yorkshire and The Humber,E12000003,75360
January 2005,East Midlands,E12000004,53935
January 2005,West Midlands,E12000005,89395
January 2005,East,E12000006,58350
January 2005,London,E12000007,160155
January 2005,South East,E12000008,72745
January 2005,South West,E12000009,45085
January 2005,Wales,W92000004,42645
January 2005,Scotland,S92000003,95625
February 2005,North East,E12000001,48455
February 2005,North West,E12000002,102970
February 2005,Yorkshire and The Humber,E12000003,76820
February 2005,East Midlands,E12000004,54915
February 2005,West Midlands,E12000005,89360
February 2005,East,E12000006,60510
February 2005,London,E12000007,162785
February 2005,South East,E12000008,74010
February 2005,South West,E12000009,46355
February 2005,Wales,W92000004,43120
February 2005,Scotland,S92000003,96110
March 2005,North East,E12000001,48100
March 2005,North West,E12000002,102530
March 2005,Yorkshire and The Humber,E12000003,77515
March 2005,East Midlands,E12000004,55705
March 2005,West Midlands,E12000005,89075
March 2005,East,E12000006,60705
March 2005,London,E12000007,164300
March 2005,South East,E12000008,74185
March 2005,South West,E12000009,45235
March 2005,Wales,W92000004,42220
March 2005,Scotland,S92000003,93575
April 2005,North East,E12000001,47120
April 2005,North West,E12000002,102335
April 2005,Yorkshire and The Humber,E12000003,76670
April 2005,East Midlands,E12000004,54280
April 2005,West Midlands,E12000005,90955
April 2005,East,E12000006,59005
April 2005,London,E12000007,164855
April 2005,South East,E12000008,72965
April 2005,South West,E12000009,43505
April 2005,Wales,W92000004,41065
April 2005,Scotland,S92000003,90410
May 2005,North East,E12000001,46070
May 2005,North West,E12000002,101505
May 2005,Yorkshire and The Humber,E12000003,75810
May 2005,East Midlands,E12000004,53955
May 2005,West Midlands,E12000005,96355
May 2005,East,E12000006,58405
May 2005,London,E12000007,164460
May 2005,South East,E12000008,71620
May 2005,South West,E12000009,42285
May 2005,Wales,W92000004,40595
May 2005,Scotland,S92000003,88490
June 2005,North East,E12000001,45130
June 2005,North West,E12000002,100595
June 2005,Yorkshire and The Humber,E12000003,74985
June 2005,East Midlands,E12000004,53645
June 2005,West Midlands,E12000005,95520
June 2005,East,E12000006,57850
June 2005,London,E12000007,163560
June 2005,South East,E12000008,70900
June 2005,South West,E12000009,40920
June 2005,Wales,W92000004,39845
June 2005,Scotland,S92000003,87045
July 2005,North East,E12000001,45630
July 2005,North West,E12000002,102845
July 2005,Yorkshire and The Humber,E12000003,76380
July 2005,East Midlands,E12000004,54515
July 2005,West Midlands,E12000005,97815
July 2005,East,E12000006,58465
July 2005,London,E12000007,163505
July 2005,South East,E12000008,71220
July 2005,South West,E12000009,41415
July 2005,Wales,W92000004,41155
July 2005,Scotland,S92000003,88480
August 2005,North East,E12000001,46275
August 2005,North West,E12000002,104570
August 2005,Yorkshire and The Humber,E12000003,77530
August 2005,East Midlands,E12000004,55195
August 2005,West Midlands,E12000005,98380
August 2005,East,E12000006,58585
August 2005,London,E12000007,165670
August 2005,South East,E12000008,71125
August 2005,South West,E12000009,41855
August 2005,Wales,W92000004,41885
August 2005,Scotland,S92000003,89395
September 2005,North East,E12000001,45655
September 2005,North West,E12000002,103490
September 2005,Yorkshire and The Humber,E12000003,77520
September 2005,East Midlands,E12000004,54760
September 2005,West Midlands,E12000005,98215
September 2005,East,E12000006,57890
September 2005,London,E12000007,166740
September 2005,South East,E12000008,71875
September 2005,South West,E12000009,41335
September 2005,Wales,W92000004,41175
September 2005,Scotland,S92000003,83780
October 2005,North East,E12000001,45455
October 2005,North West,E12000002,102190
October 2005,Yorkshire and The Humber,E12000003,77360
October 2005,East Midlands,E12000004,54520
October 2005,West Midlands,E12000005,96725
October 2005,East,E12000006,58250
October 2005,London,E12000007,166510
October 2005,South East,E12000008,71775
October 2005,South West,E12000009,41385
October 2005,Wales,W92000004,40880
October 2005,Scotland,S92000003,82050
November 2005,North East,E12000001,46170
November 2005,North West,E12000002,103070
November 2005,Yorkshire and The Humber,E12000003,79275
November 2005,East Midlands,E12000004,55730
November 2005,West Midlands,E12000005,97515
November 2005,East,E12000006,59125
November 2005,London,E12000007,165375
November 2005,South East,E12000008,73860
November 2005,South West,E12000009,42560
November 2005,Wales,W92000004,42310
November 2005,Scotland,S92000003,82825
December 2005,North East,E12000001,46885
December 2005,North West,E12000002,105935
December 2005,Yorkshire and The Humber,E12000003,82525
December 2005,East Midlands,E12000004,57380
December 2005,West Midlands,E12000005,99745
December 2005,East,E12000006,60200
December 2005,London,E12000007,166085
December 2005,South East,E12000008,76140
December 2005,South West,E12000009,43330
December 2005,Wales,W92000004,43665
December 2005,Scotland,S92000003,83625
January 2006,North East,E12000001,51085
January 2006,North West,E12000002,115045
January 2006,Yorkshire and The Humber,E12000003,88890
January 2006,East Midlands,E12000004,61485
January 2006,West Midlands,E12000005,106025
January 2006,East,E12000006,65120
January 2006,London,E12000007,169130
January 2006,South East,E12000008,82160
January 2006,South West,E12000009,47885
January 2006,Wales,W92000004,47185
January 2006,Scotland,S92000003,92590
February 2006,North East,E12000001,52575
February 2006,North West,E12000002,119565
February 2006,Yorkshire and The Humber,E12000003,91265
February 2006,East Midlands,E12000004,64110
February 2006,West Midlands,E12000005,108930
February 2006,East,E12000006,68370
February 2006,London,E12000007,171260
February 2006,South East,E12000008,85975
February 2006,South West,E12000009,50160
February 2006,Wales,W92000004,48295
February 2006,Scotland,S92000003,95190
March 2006,North East,E12000001,52390
March 2006,North West,E12000002,120180
March 2006,Yorkshire and The Humber,E12000003,92080
March 2006,East Midlands,E12000004,64860
March 2006,West Midlands,E12000005,110930
March 2006,East,E12000006,68915
March 2006,London,E12000007,170320
March 2006,South East,E12000008,87380
March 2006,South West,E12000009,50145
March 2006,Wales,W92000004,47925
March 2006,Scotland,S92000003,95360
April 2006,North East,E12000001,51830
April 2006,North West,E12000002,119960
April 2006,Yorkshire and The Humber,E12000003,90595
April 2006,East Midlands,E12000004,64555
April 2006,West Midlands,E12000005,112660
April 2006,East,E12000006,68350
April 2006,London,E12000007,170510
April 2006,South East,E12000008,84650
April 2006,South West,E12000009,50295
April 2006,Wales,W92000004,46920
April 2006,Scotland,S92000003,92660
May 2006,North East,E12000001,50900
May 2006,North West,E12000002,118000
May 2006,Yorkshire and The Humber,E12000003,89395
May 2006,East Midlands,E12000004,63285
May 2006,West Midlands,E12000005,110775
May 2006,East,E12000006,66830
May 2006,London,E12000007,169530
May 2006,South East,E12000008,84165
May 2006,South West,E12000009,49095
May 2006,Wales,W92000004,45240
May 2006,Scotland,S92000003,90830
June 2006,North East,E12000001,50145
June 2006,North West,E12000002,117110
June 2006,Yorkshire and The Humber,E12000003,87735
June 2006,East Midlands,E12000004,62310
June 2006,West Midlands,E12000005,109265
June 2006,East,E12000006,65615
June 2006,London,E12000007,168890
June 2006,South East,E12000008,82765
June 2006,South West,E12000009,48060
June 2006,Wales,W92000004,43485
June 2006,Scotland,S92000003,90090
July 2006,North East,E12000001,49825
July 2006,North West,E12000002,117795
July 2006,Yorkshire and The Humber,E12000003,88640
July 2006,East Midlands,E12000004,62720
July 2006,West Midlands,E12000005,110710
July 2006,East,E12000006,65415
July 2006,London,E12000007,169380
July 2006,South East,E12000008,83715
July 2006,South West,E12000009,48150
July 2006,Wales,W92000004,43735
July 2006,Scotland,S92000003,92105
August 2006,North East,E12000001,50180
August 2006,North West,E12000002,117330
August 2006,Yorkshire and The Humber,E12000003,89155
August 2006,East Midlands,E12000004,63780
August 2006,West Midlands,E12000005,111455
August 2006,East,E12000006,64410
August 2006,London,E12000007,166320
August 2006,South East,E12000008,81345
August 2006,South West,E12000009,48970
August 2006,Wales,W92000004,44355
August 2006,Scotland,S92000003,92195
September 2006,North East,E12000001,49790
September 2006,North West,E12000002,117480
September 2006,Yorkshire and The Humber,E12000003,88250
September 2006,East Midlands,E12000004,63000
September 2006,West Midlands,E12000005,110665
September 2006,East,E12000006,65570
September 2006,London,E12000007,169405
September 2006,South East,E12000008,82510
September 2006,South West,E12000009,48640
September 2006,Wales,W92000004,43315
September 2006,Scotland,S92000003,85860
October 2006,North East,E12000001,49450
October 2006,North West,E12000002,114570
October 2006,Yorkshire and The Humber,E12000003,86530
October 2006,East Midlands,E12000004,61395
October 2006,West Midlands,E12000005,107260
October 2006,East,E12000006,65720
October 2006,London,E12000007,166720
October 2006,South East,E12000008,80925
October 2006,South West,E12000009,47665
October 2006,Wales,W92000004,41995
October 2006,Scotland,S92000003,84100
November 2006,North East,E12000001,50045
November 2006,North West,E12000002,112875
November 2006,Yorkshire and The Humber,E12000003,85365
November 2006,East Midlands,E12000004,60555
November 2006,West Midlands,E12000005,106375
November 2006,East,E12000006,65805
November 2006,London,E12000007,163575
November 2006,South East,E12000008,79180
November 2006,South West,E12000009,47385
November 2006,Wales,W92000004,41390
November 2006,Scotland,S92000003,83275
December 2006,North East,E12000001,51285
December 2006,North West,E12000002,114730
December 2006,Yorkshire and The Humber,E12000003,86165
December 2006,East Midlands,E12000004,60775
December 2006,West Midlands,E12000005,107510
December 2006,East,E12000006,65365
December 2006,London,E12000007,160760
December 2006,South East,E12000008,78155
December 2006,South West,E12000009,47995
December 2006,Wales,W92000004,42200
December 2006,Scotland,S92000003,82815
January 2007,North East,E12000001,54700
January 2007,North West,E12000002,120860
January 2007,Yorkshire and The Humber,E12000003,90390
January 2007,East Midlands,E12000004,64295
January 2007,West Midlands,E12000005,112815
January 2007,East,E12000006,68965
January 2007,London,E12000007,159880
January 2007,South East,E12000008,81710
January 2007,South West,E12000009,50965
January 2007,Wales,W92000004,45420
January 2007,Scotland,S92000003,88620
February 2007,North East,E12000001,55070
February 2007,North West,E12000002,122360
February 2007,Yorkshire and The Humber,E12000003,90855
February 2007,East Midlands,E12000004,65670
February 2007,West Midlands,E12000005,113600
February 2007,East,E12000006,71040
February 2007,London,E12000007,159450
February 2007,South East,E12000008,82745
February 2007,South West,E12000009,51760
February 2007,Wales,W92000004,46235
February 2007,Scotland,S92000003,89795
March 2007,North East,E12000001,53825
March 2007,North West,E12000002,119760
March 2007,Yorkshire and The Humber,E12000003,89065
March 2007,East Midlands,E12000004,64850
March 2007,West Midlands,E12000005,111490
March 2007,East,E12000006,69200
March 2007,London,E12000007,158230
March 2007,South East,E12000008,80965
March 2007,South West,E12000009,50225
March 2007,Wales,W92000004,45090
March 2007,Scotland,S92000003,87395
April 2007,North East,E12000001,52095
April 2007,North West,E12000002,115580
April 2007,Yorkshire and The Humber,E12000003,86535
April 2007,East Midlands,E12000004,62205
April 2007,West Midlands,E12000005,107515
April 2007,East,E12000006,65900
April 2007,London,E12000007,153520
April 2007,South East,E12000008,77845
April 2007,South West,E12000009,46505
April 2007,Wales,W92000004,42825
April 2007,Scotland,S92000003,82800
May 2007,North East,E12000001,50060
May 2007,North West,E12000002,111555
May 2007,Yorkshire and The Humber,E12000003,83985
May 2007,East Midlands,E12000004,60830
May 2007,West Midlands,E12000005,104720
May 2007,East,E12000006,63695
May 2007,London,E12000007,150620
May 2007,South East,E12000008,74470
May 2007,South West,E12000009,44525
May 2007,Wales,W92000004,40730
May 2007,Scotland,S92000003,79520
June 2007,North East,E12000001,48405
June 2007,North West,E12000002,107680
June 2007,Yorkshire and The Humber,E12000003,80800
June 2007,East Midlands,E12000004,58315
June 2007,West Midlands,E12000005,101515
June 2007,East,E12000006,61010
June 2007,London,E12000007,145125
June 2007,South East,E12000008,71290
June 2007,South West,E12000009,42135
June 2007,Wales,W92000004,39280
June 2007,Scotland,S92000003,76395
July 2007,North East,E12000001,48365
July 2007,North West,E12000002,108980
July 2007,Yorkshire and The Humber,E12000003,80860
July 2007,East Midlands,E12000004,58230
July 2007,West Midlands,E12000005,101095
July 2007,East,E12000006,59860
July 2007,London,E12000007,144190
July 2007,South East,E12000008,70735
July 2007,South West,E12000009,41050
July 2007,Wales,W92000004,39580
July 2007,Scotland,S92000003,76955
August 2007,North East,E12000001,48115
August 2007,North West,E12000002,109800
August 2007,Yorkshire and The Humber,E12000003,80935
August 2007,East Midlands,E12000004,58600
August 2007,West Midlands,E12000005,102195
August 2007,East,E12000006,59380
August 2007,London,E12000007,143960
August 2007,South East,E12000008,70720
August 2007,South West,E12000009,41035
August 2007,Wales,W92000004,40290
August 2007,Scotland,S92000003,77270
September 2007,North East,E12000001,46725
September 2007,North West,E12000002,107390
September 2007,Yorkshire and The Humber,E12000003,77995
September 2007,East Midlands,E12000004,56190
September 2007,West Midlands,E12000005,99790
September 2007,East,E12000006,57565
September 2007,London,E12000007,141345
September 2007,South East,E12000008,67485
September 2007,South West,E12000009,39100
September 2007,Wales,W92000004,38990
September 2007,Scotland,S92000003,71505
October 2007,North East,E12000001,45895
October 2007,North West,E12000002,103855
October 2007,Yorkshire and The Humber,E12000003,75010
October 2007,East Midlands,E12000004,54030
October 2007,West Midlands,E12000005,96855
October 2007,East,E12000006,55870
October 2007,London,E12000007,136685
October 2007,South East,E12000008,65445
October 2007,South West,E12000009,38045
October 2007,Wales,W92000004,37690
October 2007,Scotland,S92000003,68685
November 2007,North East,E12000001,45830
November 2007,North West,E12000002,102175
November 2007,Yorkshire and The Humber,E12000003,73470
November 2007,East Midlands,E12000004,52550
November 2007,West Midlands,E12000005,93900
November 2007,East,E12000006,54555
November 2007,London,E12000007,132740
November 2007,South East,E12000008,64445
November 2007,South West,E12000009,37605
November 2007,Wales,W92000004,37540
November 2007,Scotland,S92000003,68540
December 2007,North East,E12000001,46735
December 2007,North West,E12000002,104020
December 2007,Yorkshire and The Humber,E12000003,74685
December 2007,East Midlands,E12000004,52145
December 2007,West Midlands,E12000005,94055
December 2007,East,E12000006,54825
December 2007,London,E12000007,131135
December 2007,South East,E12000008,64395
December 2007,South West,E12000009,37910
December 2007,Wales,W92000004,38615
December 2007,Scotland,S92000003,69165
January 2008,North East,E12000001,50360
January 2008,North West,E12000002,110250
January 2008,Yorkshire and The Humber,E12000003,79150
January 2008,East Midlands,E12000004,54645
January 2008,West Midlands,E12000005,97600
January 2008,East,E12000006,58155
January 2008,London,E12000007,131285
January 2008,South East,E12000008,68095
January 2008,South West,E12000009,41130
January 2008,Wales,W92000004,41355
January 2008,Scotland,S92000003,74410
February 2008,North East,E12000001,51365
February 2008,North West,E12000002,112475
February 2008,Yorkshire and The Humber,E12000003,81295
February 2008,East Midlands,E12000004,56080
February 2008,West Midlands,E12000005,99630
February 2008,East,E12000006,59515
February 2008,London,E12000007,132615
February 2008,South East,E12000008,69815
February 2008,South West,E12000009,42400
February 2008,Wales,W92000004,43000
February 2008,Scotland,S92000003,76110
March 2008,North East,E12000001,50910
March 2008,North West,E12000002,112120
March 2008,Yorkshire and The Humber,E12000003,80575
March 2008,East Midlands,E12000004,55950
March 2008,West Midlands,E12000005,99125
March 2008,East,E12000006,59090
March 2008,London,E12000007,131935
March 2008,South East,E12000008,69305
March 2008,South West,E12000009,41420
March 2008,Wales,W92000004,42615
March 2008,Scotland,S92000003,75250
April 2008,North East,E12000001,50285
April 2008,North West,E12000002,111860
April 2008,Yorkshire and The Humber,E12000003,80215
April 2008,East Midlands,E12000004,55970
April 2008,West Midlands,E12000005,98455
April 2008,East,E12000006,58600
April 2008,London,E12000007,130060
April 2008,South East,E12000008,69090
April 2008,South West,E12000009,40730
April 2008,Wales,W92000004,41530
April 2008,Scotland,S92000003,73630
May 2008,North East,E12000001,49785
May 2008,North West,E12000002,110910
May 2008,Yorkshire and The Humber,E12000003,80265
May 2008,East Midlands,E12000004,56065
May 2008,West Midlands,E12000005,98230
May 2008,East,E12000006,58535
May 2008,London,E12000007,130605
May 2008,South East,E12000008,68740
May 2008,South West,E12000009,40735
May 2008,Wales,W92000004,40935
May 2008,Scotland,S92000003,72385
June 2008,North East,E12000001,49290
June 2008,North West,E12000002,110770
June 2008,Yorkshire and The Humber,E12000003,80825
June 2008,East Midlands,E12000004,56280
June 2008,West Midlands,E12000005,98925
June 2008,East,E12000006,57990
June 2008,London,E12000007,131130
June 2008,South East,E12000008,69370
June 2008,South West,E12000009,40970
June 2008,Wales,W92000004,40585
June 2008,Scotland,S92000003,73820
July 2008,North East,E12000001,50690
July 2008,North West,E12000002,116195
July 2008,Yorkshire and The Humber,E12000003,84705
July 2008,East Midlands,E12000004,59035
July 2008,West Midlands,E12000005,102360
July 2008,East,E12000006,59795
July 2008,London,E12000007,133755
July 2008,South East,E12000008,72745
July 2008,South West,E12000009,43620
July 2008,Wales,W92000004,43095
July 2008,Scotland,S92000003,77895
August 2008,North East,E12000001,53435
August 2008,North West,E12000002,122065
August 2008,Yorkshire and The Humber,E12000003,90020
August 2008,East Midlands,E12000004,63110
August 2008,West Midlands,E12000005,108350
August 2008,East,E12000006,64055
August 2008,London,E12000007,138820
August 2008,South East,E12000008,78300
August 2008,South West,E12000009,48025
August 2008,Wales,W92000004,46075
August 2008,Scotland,S92000003,82425
September 2008,North East,E12000001,55300
September 2008,North West,E12000002,124990
September 2008,Yorkshire and The Humber,E12000003,92590
September 2008,East Midlands,E12000004,64715
September 2008,West Midlands,E12000005,110750
September 2008,East,E12000006,65550
September 2008,London,E12000007,142845
September 2008,South East,E12000008,80615
September 2008,South West,E12000009,49250
September 2008,Wales,W92000004,47085
September 2008,Scotland,S92000003,81245
October 2008,North East,E12000001,57340
October 2008,North West,E12000002,127640
October 2008,Yorkshire and The Humber,E12000003,95595
October 2008,East Midlands,E12000004,66125
October 2008,West Midlands,E12000005,112375
October 2008,East,E12000006,68110
October 2008,London,E12000007,144745
October 2008,South East,E12000008,83960
October 2008,South West,E12000009,52185
October 2008,Wales,W92000004,48405
October 2008,Scotland,S92000003,83420
November 2008,North East,E12000001,61815
November 2008,North West,E12000002,137635
November 2008,Yorkshire and The Humber,E12000003,103840
November 2008,East Midlands,E12000004,72725
November 2008,West Midlands,E12000005,121455
November 2008,East,E12000006,75170
November 2008,London,E12000007,151110
November 2008,South East,E12000008,94800
November 2008,South West,E12000009,59495
November 2008,Wales,W92000004,53945
November 2008,Scotland,S92000003,90490
December 2008,North East,E12000001,67580
December 2008,North West,E12000002,149440
December 2008,Yorkshire and The Humber,E12000003,114960
December 2008,East Midlands,E12000004,80285
December 2008,West Midlands,E12000005,132700
December 2008,East,E12000006,83370
December 2008,London,E12000007,160075
December 2008,South East,E12000008,104295
December 2008,South West,E12000009,66720
December 2008,Wales,W92000004,60370
December 2008,Scotland,S92000003,97725
January 2009,North East,E12000001,75660
January 2009,North West,E12000002,164995
January 2009,Yorkshire and The Humber,E12000003,126725
January 2009,East Midlands,E12000004,90250
January 2009,West Midlands,E12000005,146790
January 2009,East,E12000006,95385
January 2009,London,E12000007,169450
January 2009,South East,E12000008,119760
January 2009,South West,E12000009,76825
January 2009,Wales,W92000004,68320
January 2009,Scotland,S92000003,108905
February 2009,North East,E12000001,82790
February 2009,North West,E12000002,183695
February 2009,Yorkshire and The Humber,E12000003,143335
February 2009,East Midlands,E12000004,104705
February 2009,West Midlands,E12000005,166450
February 2009,East,E12000006,112555
February 2009,London,E12000007,190045
February 2009,South East,E12000008,142325
February 2009,South West,E12000009,91555
February 2009,Wales,W92000004,76835
February 2009,Scotland,S92000003,121930
March 2009,North East,E12000001,84345
March 2009,North West,E12000002,191145
March 2009,Yorkshire and The Humber,E12000003,148375
March 2009,East Midlands,E12000004,109115
March 2009,West Midlands,E12000005,173065
March 2009,East,E12000006,118440
March 2009,London,E12000007,202425
March 2009,South East,E12000008,149890
March 2009,South West,E12000009,96060
March 2009,Wales,W92000004,78885
March 2009,Scotland,S92000003,126450
April 2009,North East,E12000001,85435
April 2009,North West,E12000002,195120
April 2009,Yorkshire and The Humber,E12000003,152150
April 2009,East Midlands,E12000004,111960
April 2009,West Midlands,E12000005,178110
April 2009,East,E12000006,121245
April 2009,London,E12000007,209455
April 2009,South East,E12000008,153590
April 2009,South West,E12000009,97390
April 2009,Wales,W92000004,79475
April 2009,Scotland,S92000003,126825
May 2009,North East,E12000001,85595
May 2009,North West,E12000002,196110
May 2009,Yorkshire and The Humber,E12000003,153580
May 2009,East Midlands,E12000004,112185
May 2009,West Midlands,E12000005,177465
May 2009,East,E12000006,121075
May 2009,London,E12000007,214280
May 2009,South East,E12000008,154845
May 2009,South West,E12000009,96540
May 2009,Wales,W92000004,78145
May 2009,Scotland,S92000003,127095
June 2009,North East,E12000001,84485
June 2009,North West,E12000002,194335
June 2009,Yorkshire and The Humber,E12000003,152745
June 2009,East Midlands,E12000004,110280
June 2009,West Midlands,E12000005,176625
June 2009,East,E12000006,119010
June 2009,London,E12000007,214625
June 2009,South East,E12000008,152105
June 2009,South West,E12000009,94360
June 2009,Wales,W92000004,76980
June 2009,Scotland,S92000003,128565
July 2009,North East,E12000001,85040
July 2009,North West,E12000002,197595
July 2009,Yorkshire and The Humber,E12000003,153795
July 2009,East Midlands,E12000004,110940
July 2009,West Midlands,E12000005,177765
July 2009,East,E12000006,118830
July 2009,London,E12000007,219235
July 2009,South East,E12000008,153535
July 2009,South West,E12000009,94365
July 2009,Wales,W92000004,78045
July 2009,Scotland,S92000003,132570
August 2009,North East,E12000001,85375
August 2009,North West,E12000002,201170
August 2009,Yorkshire and The Humber,E12000003,156535
August 2009,East Midlands,E12000004,112640
August 2009,West Midlands,E12000005,181510
August 2009,East,E12000006,120795
August 2009,London,E12000007,224495
August 2009,South East,E12000008,156610
August 2009,South West,E12000009,94725
August 2009,Wales,W92000004,79435
August 2009,Scotland,S92000003,135385
September 2009,North East,E12000001,85075
September 2009,North West,E12000002,199745
September 2009,Yorkshire and The Humber,E12000003,155540
September 2009,East Midlands,E12000004,111735
September 2009,West Midlands,E12000005,182390
September 2009,East,E12000006,119165
September 2009,London,E12000007,227010
September 2009,South East,E12000008,155180
September 2009,South West,E12000009,93300
September 2009,Wales,W92000004,78910
September 2009,Scotland,S92000003,129570
October 2009,North East,E12000001,85230
October 2009,North West,E12000002,197340
October 2009,Yorkshire and The Humber,E12000003,154900
October 2009,East Midlands,E12000004,111600
October 2009,West Midlands,E12000005,179905
October 2009,East,E12000006,118345
October 2009,London,E12000007,228285
October 2009,South East,E12000008,154840
October 2009,South West,E12000009,91625
October 2009,Wales,W92000004,78235
October 2009,Scotland,S92000003,129510
November 2009,North East,E12000001,84640
November 2009,North West,E12000002,195740
November 2009,Yorkshire and The Humber,E12000003,154280
November 2009,East Midlands,E12000004,109900
November 2009,West Midlands,E12000005,176695
November 2009,East,E12000006,116740
November 2009,London,E12000007,222850
November 2009,South East,E12000008,154675
November 2009,South West,E12000009,91620
November 2009,Wales,W92000004,77895
November 2009,Scotland,S92000003,131870
December 2009,North East,E12000001,85625
December 2009,North West,E12000002,194775
December 2009,Yorkshire and The Humber,E12000003,155795
December 2009,East Midlands,E12000004,110065
December 2009,West Midlands,E12000005,175810
December 2009,East,E12000006,116510
December 2009,London,E12000007,220865
December 2009,South East,E12000008,152605
December 2009,South West,E12000009,90050
December 2009,Wales,W92000004,78085
December 2009,Scotland,S92000003,133740
January 2010,North East,E12000001,90770
January 2010,North West,E12000002,205915
January 2010,Yorkshire and The Humber,E12000003,163700
January 2010,East Midlands,E12000004,115220
January 2010,West Midlands,E12000005,183420
January 2010,East,E12000006,124365
January 2010,London,E12000007,226080
January 2010,South East,E12000008,162570
January 2010,South West,E12000009,97780
January 2010,Wales,W92000004,83175
January 2010,Scotland,S92000003,144870
February 2010,North East,E12000001,89640
February 2010,North West,E12000002,204155
February 2010,Yorkshire and The Humber,E12000003,164640
February 2010,East Midlands,E12000004,115430
February 2010,West Midlands,E12000005,183245
February 2010,East,E12000006,124495
February 2010,London,E12000007,229245
February 2010,South East,E12000008,161395
February 2010,South West,E12000009,98035
February 2010,Wales,W92000004,82985
February 2010,Scotland,S92000003,146910
March 2010,North East,E12000001,86450
March 2010,North West,E12000002,197495
March 2010,Yorkshire and The Humber,E12000003,159965
March 2010,East Midlands,E12000004,112430
March 2010,West Midlands,E12000005,178045
March 2010,East,E12000006,121370
March 2010,London,E12000007,227355
March 2010,South East,E12000008,156260
March 2010,South West,E12000009,94290
March 2010,Wales,W92000004,80090
March 2010,Scotland,S92000003,144445
April 2010,North East,E12000001,83225
April 2010,North West,E12000002,191825
April 2010,Yorkshire and The Humber,E12000003,156330
April 2010,East Midlands,E12000004,108730
April 2010,West Midlands,E12000005,172400
April 2010,East,E12000006,118675
April 2010,London,E12000007,222755
April 2010,South East,E12000008,151880
April 2010,South West,E12000009,89090
April 2010,Wales,W92000004,77155
April 2010,Scotland,S92000003,140210
May 2010,North East,E12000001,80105
May 2010,North West,E12000002,183840
May 2010,Yorkshire and The Humber,E12000003,150530
May 2010,East Midlands,E12000004,103010
May 2010,West Midlands,E12000005,164445
May 2010,East,E12000006,112155
May 2010,London,E12000007,218735
May 2010,South East,E12000008,142340
May 2010,South West,E12000009,83770
May 2010,Wales,W92000004,72565
May 2010,Scotland,S92000003,135540
June 2010,North East,E12000001,78255
June 2010,North West,E12000002,177275
June 2010,Yorkshire and The Humber,E12000003,142390
June 2010,East Midlands,E12000004,97760
June 2010,West Midlands,E12000005,158105
June 2010,East,E12000006,106765
June 2010,London,E12000007,212360
June 2010,South East,E12000008,134115
June 2010,South West,E12000009,79325
June 2010,Wales,W92000004,68960
June 2010,Scotland,S92000003,133455
July 2010,North East,E12000001,77865
July 2010,North West,E12000002,177065
July 2010,Yorkshire and The Humber,E12000003,140910
July 2010,East Midlands,E12000004,96750
July 2010,West Midlands,E12000005,156690
July 2010,East,E12000006,105760
July 2010,London,E12000007,212520
July 2010,South East,E12000008,132020
July 2010,South West,E12000009,78085
July 2010,Wales,W92000004,69210
July 2010,Scotland,S92000003,137110
August 2010,North East,E12000001,78515
August 2010,North West,E12000002,179670
August 2010,Yorkshire and The Humber,E12000003,142565
August 2010,East Midlands,E12000004,96995
August 2010,West Midlands,E12000005,157955
August 2010,East,E12000006,107015
August 2010,London,E12000007,214405
August 2010,South East,E12000008,132175
August 2010,South West,E12000009,78565
August 2010,Wales,W92000004,70555
August 2010,Scotland,S92000003,138590
September 2010,North East,E12000001,78910
September 2010,North West,E12000002,178175
September 2010,Yorkshire and The Humber,E12000003,141780
September 2010,East Midlands,E12000004,95925
September 2010,West Midlands,E12000005,156930
September 2010,East,E12000006,105655
September 2010,London,E12000007,215600
September 2010,South East,E12000008,130425
September 2010,South West,E12000009,78160
September 2010,Wales,W92000004,69585
September 2010,Scotland,S92000003,129965
October 2010,North East,E12000001,78760
October 2010,North West,E12000002,174845
October 2010,Yorkshire and The Humber,E12000003,139140
October 2010,East Midlands,E12000004,93195
October 2010,West Midlands,E12000005,152885
October 2010,East,E12000006,104330
October 2010,London,E12000007,213910
October 2010,South East,E12000008,127410
October 2010,South West,E12000009,77375
October 2010,Wales,W92000004,68125
October 2010,Scotland,S92000003,129305
November 2010,North East,E12000001,78485
November 2010,North West,E12000002,173330
November 2010,Yorkshire and The Humber,E12000003,139075
November 2010,East Midlands,E12000004,92475
November 2010,West Midlands,E12000005,152215
November 2010,East,E12000006,103370
November 2010,London,E12000007,211770
November 2010,South East,E12000008,127150
November 2010,South West,E12000009,78525
November 2010,Wales,W92000004,68775
November 2010,Scotland,S92000003,131270
December 2010,North East,E12000001,79410
December 2010,North West,E12000002,173005
December 2010,Yorkshire and The Humber,E12000003,141885
December 2010,East Midlands,E12000004,94120
December 2010,West Midlands,E12000005,153040
December 2010,East,E12000006,103525
December 2010,London,E12000007,209690
December 2010,South East,E12000008,127810
December 2010,South West,E12000009,79440
December 2010,Wales,W92000004,70180
December 2010,Scotland,S92000003,136200
January 2011,North East,E12000001,83935
January 2011,North West,E12000002,183555
January 2011,Yorkshire and The Humber,E12000003,149605
January 2011,East Midlands,E12000004,99935
January 2011,West Midlands,E12000005,161565
January 2011,East,E12000006,109975
January 2011,London,E12000007,214710
January 2011,South East,E12000008,135255
January 2011,South West,E12000009,85515
January 2011,Wales,W92000004,75165
January 2011,Scotland,S92000003,146160
February 2011,North East,E12000001,85030
February 2011,North West,E12000002,188055
February 2011,Yorkshire and The Humber,E12000003,152300
February 2011,East Midlands,E12000004,102325
February 2011,West Midlands,E12000005,163810
February 2011,East,E12000006,113055
February 2011,London,E12000007,220065
February 2011,South East,E12000008,139840
February 2011,South West,E12000009,88990
February 2011,Wales,W92000004,76240
February 2011,Scotland,S92000003,148030
March 2011,North East,E12000001,83905
March 2011,North West,E12000002,186370
March 2011,Yorkshire and The Humber,E12000003,151070
March 2011,East Midlands,E12000004,102800
March 2011,West Midlands,E12000005,162765
March 2011,East,E12000006,112135
March 2011,London,E12000007,220975
March 2011,South East,E12000008,138850
March 2011,South West,E12000009,87680
March 2011,Wales,W92000004,74850
March 2011,Scotland,S92000003,145580
April 2011,North East,E12000001,84610
April 2011,North West,E12000002,186805
April 2011,Yorkshire and The Humber,E12000003,150205
April 2011,East Midlands,E12000004,103235
April 2011,West Midlands,E12000005,162915
April 2011,East,E12000006,110725
April 2011,London,E12000007,226310
April 2011,South East,E12000008,137010
April 2011,South West,E12000009,84345
April 2011,Wales,W92000004,73105
April 2011,Scotland,S92000003,142375
May 2011,North East,E12000001,83315
May 2011,North West,E12000002,185925
May 2011,Yorkshire and The Humber,E12000003,149570
May 2011,East Midlands,E12000004,101395
May 2011,West Midlands,E12000005,161710
May 2011,East,E12000006,109015
May 2011,London,E12000007,225850
May 2011,South East,E12000008,135685
May 2011,South West,E12000009,81725
May 2011,Wales,W92000004,71975
May 2011,Scotland,S92000003,140105
June 2011,North East,E12000001,82225
June 2011,North West,E12000002,184815
June 2011,Yorkshire and The Humber,E12000003,148770
June 2011,East Midlands,E12000004,100950
June 2011,West Midlands,E12000005,160045
June 2011,East,E12000006,108230
June 2011,London,E12000007,224535
June 2011,South East,E12000008,132545
June 2011,South West,E12000009,80105
June 2011,Wales,W92000004,71595
June 2011,Scotland,S92000003,140555
July 2011,North East,E12000001,84975
July 2011,North West,E12000002,190695
July 2011,Yorkshire and The Humber,E12000003,153745
July 2011,East Midlands,E12000004,104080
July 2011,West Midlands,E12000005,164795
July 2011,East,E12000006,112090
July 2011,London,E12000007,229945
July 2011,South East,E12000008,136245
July 2011,South West,E12000009,82910
July 2011,Wales,W92000004,74755
July 2011,Scotland,S92000003,146915
August 2011,North East,E12000001,86625
August 2011,North West,E12000002,195885
August 2011,Yorkshire and The Humber,E12000003,157210
August 2011,East Midlands,E12000004,106100
August 2011,West Midlands,E12000005,169350
August 2011,East,E12000006,113830
August 2011,London,E12000007,235700
August 2011,South East,E12000008,139285
August 2011,South West,E12000009,85565
August 2011,Wales,W92000004,76780
August 2011,Scotland,S92000003,148700
September 2011,North East,E12000001,88155
September 2011,North West,E12000002,198615
September 2011,Yorkshire and The Humber,E12000003,158385
September 2011,East Midlands,E12000004,106240
September 2011,West Midlands,E12000005,169060
September 2011,East,E12000006,114215
September 2011,London,E12000007,237550
September 2011,South East,E12000008,140385
September 2011,South West,E12000009,87725
September 2011,Wales,W92000004,76860
September 2011,Scotland,S92000003,140010
October 2011,North East,E12000001,87420
October 2011,North West,E12000002,196340
October 2011,Yorkshire and The Humber,E12000003,156985
October 2011,East Midlands,E12000004,104335
October 2011,West Midlands,E12000005,166380
October 2011,East,E12000006,114135
October 2011,London,E12000007,237075
October 2011,South East,E12000008,139650
October 2011,South West,E12000009,86420
October 2011,Wales,W92000004,76420
October 2011,Scotland,S92000003,137370
November 2011,North East,E12000001,87825
November 2011,North West,E12000002,195555
November 2011,Yorkshire and The Humber,E12000003,157000
November 2011,East Midlands,E12000004,104745
November 2011,West Midlands,E12000005,164525
November 2011,East,E12000006,113710
November 2011,London,E12000007,234860
November 2011,South East,E12000008,138945
November 2011,South West,E12000009,87975
November 2011,Wales,W92000004,76210
November 2011,Scotland,S92000003,138030
December 2011,North East,E12000001,89375
December 2011,North West,E12000002,196235
December 2011,Yorkshire and The Humber,E12000003,159915
December 2011,East Midlands,E12000004,105865
December 2011,West Midlands,E12000005,165250
December 2011,East,E12000006,114215
December 2011,London,E12000007,233675
December 2011,South East,E12000008,140025
December 2011,South West,E12000009,89345
December 2011,Wales,W92000004,76710
December 2011,Scotland,S92000003,139135
January 2012,North East,E12000001,94530
January 2012,North West,E12000002,207125
January 2012,Yorkshire and The Humber,E12000003,169160
January 2012,East Midlands,E12000004,113030
January 2012,West Midlands,E12000005,173055
January 2012,East,E12000006,120470
January 2012,London,E12000007,235175
January 2012,South East,E12000008,146955
January 2012,South West,E12000009,96085
January 2012,Wales,W92000004,83130
January 2012,Scotland,S92000003,148150
February 2012,North East,E12000001,95955
February 2012,North West,E12000002,211965
February 2012,Yorkshire and The Humber,E12000003,171925
February 2012,East Midlands,E12000004,116375
February 2012,West Midlands,E12000005,175135
February 2012,East,E12000006,124440
February 2012,London,E12000007,239555
February 2012,South East,E12000008,152080
February 2012,South West,E12000009,98940
February 2012,Wales,W92000004,84945
February 2012,Scotland,S92000003,151895
March 2012,North East,E12000001,95255
March 2012,North West,E12000002,209365
March 2012,Yorkshire and The Humber,E12000003,169860
March 2012,East Midlands,E12000004,115785
March 2012,West Midlands,E12000005,172445
March 2012,East,E12000006,123130
March 2012,London,E12000007,237140
March 2012,South East,E12000008,150545
March 2012,South West,E12000009,96980
March 2012,Wales,W92000004,83630
March 2012,Scotland,S92000003,150375
April 2012,North East,E12000001,94255
April 2012,North West,E12000002,204335
April 2012,Yorkshire and The Humber,E12000003,166020
April 2012,East Midlands,E12000004,112700
April 2012,West Midlands,E12000005,167075
April 2012,East,E12000006,118280
April 2012,London,E12000007,231925
April 2012,South East,E12000008,143385
April 2012,South West,E12000009,91790
April 2012,Wales,W92000004,80440
April 2012,Scotland,S92000003,144345
May 2012,North East,E12000001,93370
May 2012,North West,E12000002,200295
May 2012,Yorkshire and The Humber,E12000003,165600
May 2012,East Midlands,E12000004,110835
May 2012,West Midlands,E12000005,164525
May 2012,East,E12000006,116255
May 2012,London,E12000007,227450
May 2012,South East,E12000008,140960
May 2012,South West,E12000009,89345
May 2012,Wales,W92000004,78535
May 2012,Scotland,S92000003,141825
June 2012,North East,E12000001,92085
June 2012,North West,E12000002,197600
June 2012,Yorkshire and The Humber,E12000003,162610
June 2012,East Midlands,E12000004,107825
June 2012,West Midlands,E12000005,162405
June 2012,East,E12000006,112770
June 2012,London,E12000007,223395
June 2012,South East,E12000008,137520
June 2012,South West,E12000009,86460
June 2012,Wales,W92000004,76855
June 2012,Scotland,S92000003,142830
July 2012,North East,E12000001,92140
July 2012,North West,E12000002,199105
July 2012,Yorkshire and The Humber,E12000003,163890
July 2012,East Midlands,E12000004,108525
July 2012,West Midlands,E12000005,163290
July 2012,East,E12000006,112895
July 2012,London,E12000007,222125
July 2012,South East,E12000008,136520
July 2012,South West,E12000009,86435
July 2012,Wales,W92000004,77955
July 2012,Scotland,S92000003,146025
August 2012,North East,E12000001,92110
August 2012,North West,E12000002,198910
August 2012,Yorkshire and The Humber,E12000003,163820
August 2012,East Midlands,E12000004,107880
August 2012,West Midlands,E12000005,164665
August 2012,East,E12000006,112265
August 2012,London,E12000007,218210
August 2012,South East,E12000008,136025
August 2012,South West,E12000009,86110
August 2012,Wales,W92000004,78980
August 2012,Scotland,S92000003,146240
September 2012,North East,E12000001,93140
September 2012,North West,E12000002,197650
September 2012,Yorkshire and The Humber,E12000003,161380
September 2012,East Midlands,E12000004,106390
September 2012,West Midlands,E12000005,163390
September 2012,East,E12000006,111895
September 2012,London,E12000007,221705
September 2012,South East,E12000008,134135
September 2012,South West,E12000009,84605
September 2012,Wales,W92000004,78715
September 2012,Scotland,S92000003,135735
October 2012,North East,E12000001,93695
October 2012,North West,E12000002,196435
October 2012,Yorkshire and The Humber,E12000003,160150
October 2012,East Midlands,E12000004,104605
October 2012,West Midlands,E12000005,161030
October 2012,East,E12000006,111175
October 2012,London,E12000007,224800
October 2012,South East,E12000008,133835
October 2012,South West,E12000009,84995
October 2012,Wales,W92000004,78780
October 2012,Scotland,S92000003,134455
November 2012,North East,E12000001,93490
November 2012,North West,E12000002,194015
November 2012,Yorkshire and The Humber,E12000003,158825
November 2012,East Midlands,E12000004,103245
November 2012,West Midlands,E12000005,158650
November 2012,East,E12000006,109915
November 2012,London,E12000007,223740
November 2012,South East,E12000008,133195
November 2012,South West,E12000009,85115
November 2012,Wales,W92000004,77375
November 2012,Scotland,S92000003,134095
December 2012,North East,E12000001,93265
December 2012,North West,E12000002,191475
December 2012,Yorkshire and The Humber,E12000003,159510
December 2012,East Midlands,E12000004,102425
December 2012,West Midlands,E12000005,157050
December 2012,East,E12000006,109275
December 2012,London,E12000007,219290
December 2012,South East,E12000008,131875
December 2012,South West,E12000009,84505
December 2012,Wales,W92000004,77475
December 2012,Scotland,S92000003,133505
January 2013,North East,E12000001,96750
January 2013,North West,E12000002,198555
January 2013,Yorkshire and The Humber,E12000003,165910
January 2013,East Midlands,E12000004,106780
January 2013,West Midlands,E12000005,162930
January 2013,East,E12000006,114240
January 2013,London,E12000007,221120
January 2013,South East,E12000008,137435
January 2013,South West,E12000009,88815
January 2013,Wales,W92000004,81330
January 2013,Scotland,S92000003,141970
February 2013,North East,E12000001,95865
February 2013,North West,E12000002,201605
February 2013,Yorkshire and The Humber,E12000003,168685
February 2013,East Midlands,E12000004,109770
February 2013,West Midlands,E12000005,166605
February 2013,East,E12000006,118515
February 2013,London,E12000007,225625
February 2013,South East,E12000008,141530
February 2013,South West,E12000009,90670
February 2013,Wales,W92000004,82800
February 2013,Scotland,S92000003,145920
March 2013,North East,E12000001,93265
March 2013,North West,E12000002,198095
March 2013,Yorkshire and The Humber,E12000003,165765
March 2013,East Midlands,E12000004,108405
March 2013,West Midlands,E12000005,164065
March 2013,East,E12000006,116460
March 2013,London,E12000007,223000
March 2013,South East,E12000008,138030
March 2013,South West,E12000009,88345
March 2013,Wales,W92000004,80835
March 2013,Scotland,S92000003,142965
April 2013,North East,E12000001,90680
April 2013,North West,E12000002,192860
April 2013,Yorkshire and The Humber,E12000003,161455
April 2013,East Midlands,E12000004,105695
April 2013,West Midlands,E12000005,160275
April 2013,East,E12000006,112330
April 2013,London,E12000007,218520
April 2013,South East,E12000008,132085
April 2013,South West,E12000009,84160
April 2013,Wales,W92000004,78320
April 2013,Scotland,S92000003,138040
May 2013,North East,E12000001,88570
May 2013,North West,E12000002,187930
May 2013,Yorkshire and The Humber,E12000003,157885
May 2013,East Midlands,E12000004,102215
May 2013,West Midlands,E12000005,156250
May 2013,East,E12000006,108285
May 2013,London,E12000007,213295
May 2013,South East,E12000008,126810
May 2013,South West,E12000009,81190
May 2013,Wales,W92000004,75795
May 2013,Scotland,S92000003,134410
June 2013,North East,E12000001,85015
June 2013,North West,E12000002,181490
June 2013,Yorkshire and The Humber,E12000003,152945
June 2013,East Midlands,E12000004,97470
June 2013,West Midlands,E12000005,151630
June 2013,East,E12000006,103050
June 2013,London,E12000007,205890
June 2013,South East,E12000008,119385
June 2013,South West,E12000009,76220
June 2013,Wales,W92000004,72470
June 2013,Scotland,S92000003,132570
July 2013,North East,E12000001,83420
July 2013,North West,E12000002,179975
July 2013,Yorkshire and The Humber,E12000003,150375
July 2013,East Midlands,E12000004,95400
July 2013,West Midlands,E12000005,149995
July 2013,East,E12000006,100570
July 2013,London,E12000007,201745
July 2013,South East,E12000008,116320
July 2013,South West,E12000009,74160
July 2013,Wales,W92000004,71595
July 2013,Scotland,S92000003,132715
August 2013,North East,E12000001,81495
August 2013,North West,E12000002,175955
August 2013,Yorkshire and The Humber,E12000003,146550
August 2013,East Midlands,E12000004,93145
August 2013,West Midlands,E12000005,147205
August 2013,East,E12000006,97705
August 2013,London,E12000007,198115
August 2013,South East,E12000008,113365
August 2013,South West,E12000009,72280
August 2013,Wales,W92000004,71130
August 2013,Scotland,S92000003,130155
September 2013,North East,E12000001,78525
September 2013,North West,E12000002,168365
September 2013,Yorkshire and The Humber,E12000003,140335
September 2013,East Midlands,E12000004,88295
September 2013,West Midlands,E12000005,141635
September 2013,East,E12000006,93515
September 2013,London,E12000007,191580
September 2013,South East,E12000008,108280
September 2013,South West,E12000009,69155
September 2013,Wales,W92000004,68240
September 2013,Scotland,S92000003,116205
October 2013,North East,E12000001,75700
October 2013,North West,E12000002,161265
October 2013,Yorkshire and The Humber,E12000003,134150
October 2013,East Midlands,E12000004,83580
October 2013,West Midlands,E12000005,135090
October 2013,East,E12000006,88925
October 2013,London,E12000007,183180
October 2013,South East,E12000008,104390
October 2013,South West,E12000009,66775
October 2013,Wales,W92000004,65855
October 2013,Scotland,S92000003,111575
November 2013,North East,E12000001,73550
November 2013,North West,E12000002,154580
November 2013,Yorkshire and The Humber,E12000003,129265
November 2013,East Midlands,E12000004,79335
November 2013,West Midlands,E12000005,129250
November 2013,East,E12000006,84885
November 2013,London,E12000007,175305
November 2013,South East,E12000008,100925
November 2013,South West,E12000009,65855
November 2013,Wales,W92000004,64165
November 2013,Scotland,S92000003,109180
December 2013,North East,E12000001,72485
December 2013,North West,E12000002,152095
December 2013,Yorkshire and The Humber,E12000003,127995
December 2013,East Midlands,E12000004,78335
December 2013,West Midlands,E12000005,127295
December 2013,East,E12000006,82870
December 2013,London,E12000007,169685
December 2013,South East,E12000008,98455
December 2013,South West,E12000009,64715
December 2013,Wales,W92000004,63535
December 2013,Scotland,S92000003,108315
January 2014,North East,E12000001,75310
January 2014,North West,E12000002,157055
January 2014,Yorkshire and The Humber,E12000003,132620
January 2014,East Midlands,E12000004,81855
January 2014,West Midlands,E12000005,131505
January 2014,East,E12000006,86270
January 2014,London,E12000007,170470
January 2014,South East,E12000008,101710
January 2014,South West,E12000009,67675
January 2014,Wales,W92000004,67515
January 2014,Scotland,S92000003,113790
February 2014,North East,E12000001,73800
February 2014,North West,E12000002,156680
February 2014,Yorkshire and The Humber,E12000003,133110
February 2014,East Midlands,E12000004,83185
February 2014,West Midlands,E12000005,131420
February 2014,East,E12000006,86735
February 2014,London,E12000007,170580
February 2014,South East,E12000008,102155
February 2014,South West,E12000009,67890
February 2014,Wales,W92000004,67655
February 2014,Scotland,S92000003,114605
March 2014,North East,E12000001,70500
March 2014,North West,E12000002,150035
March 2014,Yorkshire and The Humber,E12000003,127990
March 2014,East Midlands,E12000004,79940
March 2014,West Midlands,E12000005,126715
March 2014,East,E12000006,83270
March 2014,London,E12000007,166415
March 2014,South East,E12000008,97255
March 2014,South West,E12000009,64070
March 2014,Wales,W92000004,65315
March 2014,Scotland,S92000003,110945
April 2014,North East,E12000001,67990
April 2014,North West,E12000002,143250
April 2014,Yorkshire and The Humber,E12000003,122375
April 2014,East Midlands,E12000004,76220
April 2014,West Midlands,E12000005,121605
April 2014,East,E12000006,78315
April 2014,London,E12000007,160995
April 2014,South East,E12000008,91260
April 2014,South West,E12000009,59815
April 2014,Wales,W92000004,62915
April 2014,Scotland,S92000003,105620
May 2014,North East,E12000001,64705
May 2014,North West,E12000002,136400
May 2014,Yorkshire and The Humber,E12000003,116910
May 2014,East Midlands,E12000004,72560
May 2014,West Midlands,E12000005,116100
May 2014,East,E12000006,73330
May 2014,London,E12000007,156175
May 2014,South East,E12000008,86240
May 2014,South West,E12000009,55880
May 2014,Wales,W92000004,59785
May 2014,Scotland,S92000003,101325
June 2014,North East,E12000001,60320
June 2014,North West,E12000002,127285
June 2014,Yorkshire and The Humber,E12000003,109610
June 2014,East Midlands,E12000004,67635
June 2014,West Midlands,E12000005,109735
June 2014,East,E12000006,67285
June 2014,London,E12000007,146915
June 2014,South East,E12000008,79270
June 2014,South West,E12000009,50790
June 2014,Wales,W92000004,55715
June 2014,Scotland,S92000003,97310
July 2014,North East,E12000001,58880
July 2014,North West,E12000002,122840
July 2014,Yorkshire and The Humber,E12000003,106545
July 2014,East Midlands,E12000004,65870
July 2014,West Midlands,E12000005,107200
July 2014,East,E12000006,65135
July 2014,London,E12000007,144125
July 2014,South East,E12000008,76615
July 2014,South West,E12000009,48685
July 2014,Wales,W92000004,55000
July 2014,Scotland,S92000003,97225
August 2014,North East,E12000001,57265
August 2014,North West,E12000002,117975
August 2014,Yorkshire and The Humber,E12000003,102780
August 2014,East Midlands,E12000004,62900
August 2014,West Midlands,E12000005,103140
August 2014,East,E12000006,62170
August 2014,London,E12000007,141720
August 2014,South East,E12000008,73570
August 2014,South West,E12000009,46180
August 2014,Wales,W92000004,53265
August 2014,Scotland,S92000003,94325
September 2014,North East,E12000001,56495
September 2014,North West,E12000002,114535
September 2014,Yorkshire and The Humber,E12000003,99315
September 2014,East Midlands,E12000004,60205
September 2014,West Midlands,E12000005,99330
September 2014,East,E12000006,59180
September 2014,London,E12000007,138200
September 2014,South East,E12000008,70935
September 2014,South West,E12000009,44680
September 2014,Wales,W92000004,51525
September 2014,Scotland,S92000003,85590
October 2014,North East,E12000001,54605
October 2014,North West,E12000002,110755
October 2014,Yorkshire and The Humber,E12000003,95100
October 2014,East Midlands,E12000004,57670
October 2014,West Midlands,E12000005,94755
October 2014,East,E12000006,56400
October 2014,London,E12000007,133305
October 2014,South East,E12000008,68890
October 2014,South West,E12000009,43465
October 2014,Wales,W92000004,49505
October 2014,Scotland,S92000003,83015
November 2014,North East,E12000001,52450
November 2014,North West,E12000002,105410
November 2014,Yorkshire and The Humber,E12000003,91595
November 2014,East Midlands,E12000004,54360
November 2014,West Midlands,E12000005,88465
November 2014,East,E12000006,53895
November 2014,London,E12000007,127555
November 2014,South East,E12000008,66580
November 2014,South West,E12000009,42385
November 2014,Wales,W92000004,48040
November 2014,Scotland,S92000003,80850
December 2014,North East,E12000001,50810
December 2014,North West,E12000002,102250
December 2014,Yorkshire and The Humber,E12000003,90330
December 2014,East Midlands,E12000004,52645
December 2014,West Midlands,E12000005,85150
December 2014,East,E12000006,52400
December 2014,London,E12000007,122885
December 2014,South East,E12000008,65095
December 2014,South West,E12000009,41185
December 2014,Wales,W92000004,47305
December 2014,Scotland,S92000003,80080
January 2015,North East,E12000001,52500
January 2015,North West,E12000002,105650
January 2015,Yorkshire and The Humber,E12000003,93950
January 2015,East Midlands,E12000004,55570
January 2015,West Midlands,E12000005,89095
January 2015,East,E12000006,55200
January 2015,London,E12000007,123235
January 2015,South East,E12000008,68110
January 2015,South West,E12000009,43795
January 2015,Wales,W92000004,50000
January 2015,Scotland,S92000003,84655
February 2015,North East,E12000001,51600
February 2015,North West,E12000002,110505
February 2015,Yorkshire and The Humber,E12000003,94860
February 2015,East Midlands,E12000004,56820
February 2015,West Midlands,E12000005,90105
February 2015,East,E12000006,56330
February 2015,London,E12000007,124490
February 2015,South East,E12000008,69370
February 2015,South West,E12000009,44610
February 2015,Wales,W92000004,50430
February 2015,Scotland,S92000003,87035
March 2015,North East,E12000001,50185
March 2015,North West,E12000002,108650
March 2015,Yorkshire and The Humber,E12000003,91265
March 2015,East Midlands,E12000004,54235
March 2015,West Midlands,E12000005,87615
March 2015,East,E12000006,54075
March 2015,London,E12000007,121435
March 2015,South East,E12000008,66685
March 2015,South West,E12000009,42350
March 2015,Wales,W92000004,48460
March 2015,Scotland,S92000003,84965
April 2015,North East,E12000001,48785
April 2015,North West,E12000002,110290
April 2015,Yorkshire and The Humber,E12000003,88935
April 2015,East Midlands,E12000004,52595
April 2015,West Midlands,E12000005,85280
April 2015,East,E12000006,51805
April 2015,London,E12000007,118960
April 2015,South East,E12000008,63630
April 2015,South West,E12000009,40135
April 2015,Wales,W92000004,46775
April 2015,Scotland,S92000003,81665
May 2015,North East,E12000001,47085
May 2015,North West,E12000002,108925
May 2015,Yorkshire and The Humber,E12000003,85300
May 2015,East Midlands,E12000004,50295
May 2015,West Midlands,E12000005,82050
May 2015,East,E12000006,49755
May 2015,London,E12000007,116650
May 2015,South East,E12000008,60660
May 2015,South West,E12000009,38450
May 2015,Wales,W92000004,45255
May 2015,Scotland,S92000003,79345
June 2015,North East,E12000001,45810
June 2015,North West,E12000002,106075
June 2015,Yorkshire and The Humber,E12000003,82035
June 2015,East Midlands,E12000004,48545
June 2015,West Midlands,E12000005,79345
June 2015,East,E12000006,48220
June 2015,London,E12000007,113830
June 2015,South East,E12000008,58175
June 2015,South West,E12000009,36830
June 2015,Wales,W92000004,44205
June 2015,Scotland,S92000003,78005
July 2015,North East,E12000001,45615
July 2015,North West,E12000002,106905
July 2015,Yorkshire and The Humber,E12000003,81290
July 2015,East Midlands,E12000004,48385
July 2015,West Midlands,E12000005,79120
July 2015,East,E12000006,48260
July 2015,London,E12000007,112685
July 2015,South East,E12000008,57635
July 2015,South West,E12000009,36835
July 2015,Wales,W92000004,44450
July 2015,Scotland,S92000003,80765
August 2015,North East,E12000001,45845
August 2015,North West,E12000002,107060
August 2015,Yorkshire and The Humber,E12000003,79895
August 2015,East Midlands,E12000004,48460
August 2015,West Midlands,E12000005,79525
August 2015,East,E12000006,48060
August 2015,London,E12000007,113080
August 2015,South East,E12000008,57265
August 2015,South West,E12000009,36725
August 2015,Wales,W92000004,44695
August 2015,Scotland,S92000003,80290
September 2015,North East,E12000001,45360
September 2015,North West,E12000002,105990
September 2015,Yorkshire and The Humber,E12000003,77960
September 2015,East Midlands,E12000004,47060
September 2015,West Midlands,E12000005,78155
September 2015,East,E12000006,47565
September 2015,London,E12000007,112430
September 2015,South East,E12000008,56970
September 2015,South West,E12000009,37035
September 2015,Wales,W92000004,44080
September 2015,Scotland,S92000003,74570
October 2015,North East,E12000001,46085
October 2015,North West,E12000002,105615
October 2015,Yorkshire and The Humber,E12000003,76060
October 2015,East Midlands,E12000004,45325
October 2015,West Midlands,E12000005,76630
October 2015,East,E12000006,46875
October 2015,London,E12000007,110890
October 2015,South East,E12000008,56435
October 2015,South West,E12000009,37200
October 2015,Wales,W92000004,43285
October 2015,Scotland,S92000003,72345
November 2015,North East,E12000001,46385
November 2015,North West,E12000002,102015
November 2015,Yorkshire and The Humber,E12000003,73460
November 2015,East Midlands,E12000004,43665
November 2015,West Midlands,E12000005,74555
November 2015,East,E12000006,45485
November 2015,London,E12000007,107780
November 2015,South East,E12000008,55925
November 2015,South West,E12000009,36925
November 2015,Wales,W92000004,42050
November 2015,Scotland,S92000003,70935
December 2015,North East,E12000001,46730
December 2015,North West,E12000002,101100
December 2015,Yorkshire and The Humber,E12000003,72990
December 2015,East Midlands,E12000004,42985
December 2015,West Midlands,E12000005,74155
December 2015,East,E12000006,44760
December 2015,London,E12000007,106315
December 2015,South East,E12000008,56140
December 2015,South West,E12000009,37200
December 2015,Wales,W92000004,42010
December 2015,Scotland,S92000003,71165
January 2016,North East,E12000001,49675
January 2016,North West,E12000002,103740
January 2016,Yorkshire and The Humber,E12000003,77350
January 2016,East Midlands,E12000004,46385
January 2016,West Midlands,E12000005,78810
January 2016,East,E12000006,47645
January 2016,London,E12000007,108485
January 2016,South East,E12000008,59800
January 2016,South West,E12000009,40185
January 2016,Wales,W92000004,44505
January 2016,Scotland,S92000003,76185
February 2016,North East,E12000001,51480
February 2016,North West,E12000002,108315
February 2016,Yorkshire and The Humber,E12000003,79065
February 2016,East Midlands,E12000004,48275
February 2016,West Midlands,E12000005,81575
February 2016,East,E12000006,49525
February 2016,London,E12000007,111700
February 2016,South East,E12000008,62495
February 2016,South West,E12000009,42295
February 2016,Wales,W92000004,46020
February 2016,Scotland,S92000003,79735
March 2016,North East,E12000001,51980
March 2016,North West,E12000002,109545
March 2016,Yorkshire and The Humber,E12000003,78760
March 2016,East Midlands,E12000004,48065
March 2016,West Midlands,E12000005,83135
March 2016,East,E12000006,49750
March 2016,London,E12000007,112205
March 2016,South East,E12000008,62735
March 2016,South West,E12000009,42600
March 2016,Wales,W92000004,45995
March 2016,Scotland,S92000003,80645
April 2016,North East,E12000001,50565
April 2016,North West,E12000002,108310
April 2016,Yorkshire and The Humber,E12000003,77420
April 2016,East Midlands,E12000004,47410
April 2016,West Midlands,E12000005,83725
April 2016,East,E12000006,48255
April 2016,London,E12000007,112145
April 2016,South East,E12000008,61515
April 2016,South West,E12000009,41625
April 2016,Wales,W92000004,44895
April 2016,Scotland,S92000003,79395
May 2016,North East,E12000001,49725
May 2016,North West,E12000002,106905
May 2016,Yorkshire and The Humber,E12000003,75670
May 2016,East Midlands,E12000004,46875
May 2016,West Midlands,E12000005,83050
May 2016,East,E12000006,47785
May 2016,London,E12000007,111200
May 2016,South East,E12000008,60355
May 2016,South West,E12000009,40390
May 2016,Wales,W92000004,43760
May 2016,Scotland,S92000003,78200
June 2016,North East,E12000001,49035
June 2016,North West,E12000002,104655
June 2016,Yorkshire and The Humber,E12000003,74355
June 2016,East Midlands,E12000004,45810
June 2016,West Midlands,E12000005,82220
June 2016,East,E12000006,46520
June 2016,London,E12000007,110365
June 2016,South East,E12000008,58725
June 2016,South West,E12000009,39055
June 2016,Wales,W92000004,42705
June 2016,Scotland,S92000003,78215
July 2016,North East,E12000001,48810
July 2016,North West,E12000002,103690
July 2016,Yorkshire and The Humber,E12000003,73805
July 2016,East Midlands,E12000004,44940
July 2016,West Midlands,E12000005,82325
July 2016,East,E12000006,46030
July 2016,London,E12000007,110790
July 2016,South East,E12000008,58285
July 2016,South West,E12000009,38830
July 2016,Wales,W92000004,42480
July 2016,Scotland,S92000003,79785
August 2016,North East,E12000001,49330
August 2016,North West,E12000002,104675
August 2016,Yorkshire and The Humber,E12000003,74655
August 2016,East Midlands,E12000004,45085
August 2016,West Midlands,E12000005,83550
August 2016,East,E12000006,46355
August 2016,London,E12000007,111630
August 2016,South East,E12000008,59155
August 2016,South West,E12000009,39005
August 2016,Wales,W92000004,42960
August 2016,Scotland,S92000003,80990
September 2016,North East,E12000001,49400
September 2016,North West,E12000002,104225
September 2016,Yorkshire and The Humber,E12000003,74420
September 2016,East Midlands,E12000004,44185
September 2016,West Midlands,E12000005,83585
September 2016,East,E12000006,45960
September 2016,London,E12000007,112100
September 2016,South East,E12000008,59380
September 2016,South West,E12000009,38945
September 2016,Wales,W92000004,42325
September 2016,Scotland,S92000003,77500
October 2016,North East,E12000001,50135
October 2016,North West,E12000002,103450
October 2016,Yorkshire and The Humber,E12000003,73840
October 2016,East Midlands,E12000004,42910
October 2016,West Midlands,E12000005,83310
October 2016,East,E12000006,45935
October 2016,London,E12000007,113030
October 2016,South East,E12000008,59850
October 2016,South West,E12000009,39810
October 2016,Wales,W92000004,41345
October 2016,Scotland,S92000003,76010
November 2016,North East,E12000001,50420
November 2016,North West,E12000002,101985
November 2016,Yorkshire and The Humber,E12000003,72530
November 2016,East Midlands,E12000004,42155
November 2016,West Midlands,E12000005,81580
November 2016,East,E12000006,45515
November 2016,London,E12000007,112825
November 2016,South East,E12000008,59650
November 2016,South West,E12000009,40080
November 2016,Wales,W92000004,40480
November 2016,Scotland,S92000003,75510
December 2016,North East,E12000001,50615
December 2016,North West,E12000002,100490
December 2016,Yorkshire and The Humber,E12000003,71630
December 2016,East Midlands,E12000004,41410
December 2016,West Midlands,E12000005,80055
December 2016,East,E12000006,45925
December 2016,London,E12000007,111435
December 2016,South East,E12000008,59135
December 2016,South West,E12000009,40220
December 2016,Wales,W92000004,39600
December 2016,Scotland,S92000003,74915
January 2017,North East,E12000001,52135
January 2017,North West,E12000002,102040
January 2017,Yorkshire and The Humber,E12000003,74600
January 2017,East Midlands,E12000004,43330
January 2017,West Midlands,E12000005,82425
January 2017,East,E12000006,47995
January 2017,London,E12000007,112085
January 2017,South East,E12000008,60935
January 2017,South West,E12000009,41890
January 2017,Wales,W92000004,40800
January 2017,Scotland,S92000003,78180
February 2017,North East,E12000001,53270
February 2017,North West,E12000002,106250
February 2017,Yorkshire and The Humber,E12000003,77620
February 2017,East Midlands,E12000004,45600
February 2017,West Midlands,E12000005,85530
February 2017,East,E12000006,50190
February 2017,London,E12000007,115340
February 2017,South East,E12000008,63670
February 2017,South West,E12000009,44075
February 2017,Wales,W92000004,42245
February 2017,Scotland,S92000003,81720
March 2017,North East,E12000001,53610
March 2017,North West,E12000002,109775
March 2017,Yorkshire and The Humber,E12000003,78860
March 2017,East Midlands,E12000004,46965
March 2017,West Midlands,E12000005,87710
March 2017,East,E12000006,51160
March 2017,London,E12000007,118280
March 2017,South East,E12000008,65325
March 2017,South West,E12000009,45355
March 2017,Wales,W92000004,42820
March 2017,Scotland,S92000003,83590
April 2017,North East,E12000001,53405
April 2017,North West,E12000002,111865
April 2017,Yorkshire and The Humber,E12000003,78325
April 2017,East Midlands,E12000004,47170
April 2017,West Midlands,E12000005,88650
April 2017,East,E12000006,51225
April 2017,London,E12000007,121155
April 2017,South East,E12000008,65380
April 2017,South West,E12000009,45620
April 2017,Wales,W92000004,42230
April 2017,Scotland,S92000003,83545
May 2017,North East,E12000001,52770
May 2017,North West,E12000002,111565
May 2017,Yorkshire and The Humber,E12000003,76840
May 2017,East Midlands,E12000004,46685
May 2017,West Midlands,E12000005,87315
May 2017,East,E12000006,50365
May 2017,London,E12000007,122085
May 2017,South East,E12000008,64635
May 2017,South West,E12000009,44510
May 2017,Wales,W92000004,40600
May 2017,Scotland,S92000003,82025
June 2017,North East,E12000001,52260
June 2017,North West,E12000002,110360
June 2017,Yorkshire and The Humber,E12000003,75435
June 2017,East Midlands,E12000004,46495
June 2017,West Midlands,E12000005,86095
June 2017,East,E12000006,49365
June 2017,London,E12000007,121765
June 2017,South East,E12000008,63705
June 2017,South West,E12000009,43240
June 2017,Wales,W92000004,39430
June 2017,Scotland,S92000003,81190
July 2017,North East,E12000001,51850
July 2017,North West,E12000002,109425
July 2017,Yorkshire and The Humber,E12000003,74500
July 2017,East Midlands,E12000004,46455
July 2017,West Midlands,E12000005,85010
July 2017,East,E12000006,48695
July 2017,London,E12000007,121010
July 2017,South East,E12000008,63770
July 2017,South West,E12000009,42770
July 2017,Wales,W92000004,38785
July 2017,Scotland,S92000003,82245
August 2017,North East,E12000001,52580
August 2017,North West,E12000002,110245
August 2017,Yorkshire and The Humber,E12000003,74865
August 2017,East Midlands,E12000004,46725
August 2017,West Midlands,E12000005,85270
August 2017,East,E12000006,48455
August 2017,London,E12000007,120865
August 2017,South East,E12000008,64100
August 2017,South West,E12000009,42670
August 2017,Wales,W92000004,38740
August 2017,Scotland,S92000003,82150
September 2017,North East,E12000001,52615
September 2017,North West,E12000002,110285
September 2017,Yorkshire and The Humber,E12000003,74380
September 2017,East Midlands,E12000004,46575
September 2017,West Midlands,E12000005,85340
September 2017,East,E12000006,47920
September 2017,London,E12000007,120775
September 2017,South East,E12000008,64070
September 2017,South West,E12000009,42870
September 2017,Wales,W92000004,37905
September 2017,Scotland,S92000003,78155
October 2017,North East,E12000001,52555
October 2017,North West,E12000002,109375
October 2017,Yorkshire and The Humber,E12000003,74230
October 2017,East Midlands,E12000004,45895
October 2017,West Midlands,E12000005,84285
October 2017,East,E12000006,48220
October 2017,London,E12000007,120925
October 2017,South East,E12000008,64865
October 2017,South West,E12000009,43070
October 2017,Wales,W92000004,37290
October 2017,Scotland,S92000003,76645
November 2017,North East,E12000001,52965
November 2017,North West,E12000002,108260
November 2017,Yorkshire and The Humber,E12000003,73875
November 2017,East Midlands,E12000004,45740
November 2017,West Midlands,E12000005,83570
November 2017,East,E12000006,48370
November 2017,London,E12000007,119890
November 2017,South East,E12000008,64970
November 2017,South West,E12000009,43610
November 2017,Wales,W92000004,37150
November 2017,Scotland,S92000003,77005
December 2017,North East,E12000001,53915
December 2017,North West,E12000002,108860
December 2017,Yorkshire and The Humber,E12000003,75285
December 2017,East Midlands,E12000004,46115
December 2017,West Midlands,E12000005,84415
December 2017,East,E12000006,49275
December 2017,London,E12000007,119465
December 2017,South East,E12000008,66165
December 2017,South West,E12000009,44635
December 2017,Wales,W92000004,37710
December 2017,Scotland,S92000003,79035
January 2018,North East,E12000001,55800
January 2018,North West,E12000002,112480
January 2018,Yorkshire and The Humber,E12000003,78095
January 2018,East Midlands,E12000004,48280
January 2018,West Midlands,E12000005,87655
January 2018,East,E12000006,51455
January 2018,London,E12000007,120890
January 2018,South East,E12000008,69165
January 2018,South West,E12000009,46655
January 2018,Wales,W92000004,39505
January 2018,Scotland,S92000003,82320
February 2018,North East,E12000001,58125
February 2018,North West,E12000002,119175
February 2018,Yorkshire and The Humber,E12000003,82565
February 2018,East Midlands,E12000004,51300
February 2018,West Midlands,E12000005,92475
February 2018,East,E12000006,54665
February 2018,London,E12000007,125930
February 2018,South East,E12000008,73165
February 2018,South West,E12000009,49575
February 2018,Wales,W92000004,42145
February 2018,Scotland,S92000003,86695
March 2018,North East,E12000001,59440
March 2018,North West,E12000002,121955
March 2018,Yorkshire and The Humber,E12000003,84785
March 2018,East Midlands,E12000004,52410
March 2018,West Midlands,E12000005,95205
March 2018,East,E12000006,56565
March 2018,London,E12000007,127385
March 2018,South East,E12000008,74200
March 2018,South West,E12000009,50805
March 2018,Wales,W92000004,42850
March 2018,Scotland,S92000003,88915
April 2018,North East,E12000001,60820
April 2018,North West,E12000002,127065
April 2018,Yorkshire and The Humber,E12000003,87720
April 2018,East Midlands,E12000004,53875
April 2018,West Midlands,E12000005,99160
April 2018,East,E12000006,60080
April 2018,London,E12000007,131210
April 2018,South East,E12000008,76860
April 2018,South West,E12000009,54460
April 2018,Wales,W92000004,44270
April 2018,Scotland,S92000003,92110
May 2018,North East,E12000001,59315
May 2018,North West,E12000002,124015
May 2018,Yorkshire and The Humber,E12000003,85575
May 2018,East Midlands,E12000004,52930
May 2018,West Midlands,E12000005,99470
May 2018,East,E12000006,58360
May 2018,London,E12000007,128485
May 2018,South East,E12000008,74860
May 2018,South West,E12000009,51820
May 2018,Wales,W92000004,43200
May 2018,Scotland,S92000003,89905
June 2018,North East,E12000001,58070
June 2018,North West,E12000002,123895
June 2018,Yorkshire and The Humber,E12000003,84025
June 2018,East Midlands,E12000004,51730
June 2018,West Midlands,E12000005,99550
June 2018,East,E12000006,57830
June 2018,London,E12000007,127985
June 2018,South East,E12000008,73520
June 2018,South West,E12000009,51335
June 2018,Wales,W92000004,43185
June 2018,Scotland,S92000003,90855
July 2018,North East,E12000001,57730
July 2018,North West,E12000002,124035
July 2018,Yorkshire and The Humber,E12000003,83325
July 2018,East Midlands,E12000004,51250
July 2018,West Midlands,E12000005,100310
July 2018,East,E12000006,58125
July 2018,London,E12000007,127775
July 2018,South East,E12000008,73920
July 2018,South West,E12000009,51965
July 2018,Wales,W92000004,43480
July 2018,Scotland,S92000003,92780
August 2018,North East,E12000001,58640
August 2018,North West,E12000002,126095
August 2018,Yorkshire and The Humber,E12000003,84720
August 2018,East Midlands,E12000004,51880
August 2018,West Midlands,E12000005,101720
August 2018,East,E12000006,58900
August 2018,London,E12000007,128925
August 2018,South East,E12000008,75540
August 2018,South West,E12000009,53220
August 2018,Wales,W92000004,44045
August 2018,Scotland,S92000003,94225
September 2018,North East,E12000001,60240
September 2018,North West,E12000002,127370
September 2018,Yorkshire and The Humber,E12000003,85760
September 2018,East Midlands,E12000004,52155
September 2018,West Midlands,E12000005,102925
September 2018,East,E12000006,59700
September 2018,London,E12000007,132495
September 2018,South East,E12000008,77355
September 2018,South West,E12000009,53875
September 2018,Wales,W92000004,44435
September 2018,Scotland,S92000003,91970
October 2018,North East,E12000001,61760
October 2018,North West,E12000002,129460
October 2018,Yorkshire and The Humber,E12000003,86690
October 2018,East Midlands,E12000004,52950
October 2018,West Midlands,E12000005,104160
October 2018,East,E12000006,61055
October 2018,London,E12000007,134950
October 2018,South East,E12000008,79400
October 2018,South West,E12000009,55255
October 2018,Wales,W92000004,44690
October 2018,Scotland,S92000003,91840
November 2018,North East,E12000001,62850
November 2018,North West,E12000002,131330
November 2018,Yorkshire and The Humber,E12000003,87520
November 2018,East Midlands,E12000004,53965
November 2018,West Midlands,E12000005,104695
November 2018,East,E12000006,62145
November 2018,London,E12000007,136870
November 2018,South East,E12000008,81455
November 2018,South West,E12000009,57495
November 2018,Wales,W92000004,45495
November 2018,Scotland,S92000003,93090
December 2018,North East,E12000001,64750
December 2018,North West,E12000002,133570
December 2018,Yorkshire and The Humber,E12000003,89510
December 2018,East Midlands,E12000004,55615
December 2018,West Midlands,E12000005,106005
December 2018,East,E12000006,63435
December 2018,London,E12000007,139815
December 2018,South East,E12000008,84330
December 2018,South West,E12000009,59785
December 2018,Wales,W92000004,46750
December 2018,Scotland,S92000003,94995
January 2019,North East,E12000001,66935
January 2019,North West,E12000002,138215
January 2019,Yorkshire and The Humber,E12000003,93155
January 2019,East Midlands,E12000004,58705
January 2019,West Midlands,E12000005,109575
January 2019,East,E12000006,66200
January 2019,London,E12000007,143195
January 2019,South East,E12000008,88265
January 2019,South West,E12000009,61940
January 2019,Wales,W92000004,49160
January 2019,Scotland,S92000003,98960
February 2019,North East,E12000001,69815
February 2019,North West,E12000002,146895
February 2019,Yorkshire and The Humber,E12000003,97395
February 2019,East Midlands,E12000004,63575
February 2019,West Midlands,E12000005,115235
February 2019,East,E12000006,71240
February 2019,London,E12000007,151165
February 2019,South East,E12000008,94020
February 2019,South West,E12000009,66505
February 2019,Wales,W92000004,52155
February 2019,Scotland,S92000003,104935
March 2019,North East,E12000001,71280
March 2019,North West,E12000002,150630
March 2019,Yorkshire and The Humber,E12000003,100690
March 2019,East Midlands,E12000004,66370
March 2019,West Midlands,E12000005,119110
March 2019,East,E12000006,73410
March 2019,London,E12000007,155190
March 2019,South East,E12000008,96645
March 2019,South West,E12000009,67325
March 2019,Wales,W92000004,53725
March 2019,Scotland,S92000003,107760
April 2019,North East,E12000001,71335
April 2019,North West,E12000002,152415
April 2019,Yorkshire and The Humber,E12000003,102380
April 2019,East Midlands,E12000004,67865
April 2019,West Midlands,E12000005,122280
April 2019,East,E12000006,74690
April 2019,London,E12000007,158645
April 2019,South East,E12000008,98185
April 2019,South West,E12000009,67440
April 2019,Wales,W92000004,53770
April 2019,Scotland,S92000003,108035
May 2019,North East,E12000001,71215
May 2019,North West,E12000002,152665
May 2019,Yorkshire and The Humber,E12000003,103125
May 2019,East Midlands,E12000004,68685
May 2019,West Midlands,E12000005,124250
May 2019,East,E12000006,75440
May 2019,London,E12000007,161170
May 2019,South East,E12000008,99125
May 2019,South West,E12000009,67100
May 2019,Wales,W92000004,53940
May 2019,Scotland,S92000003,107025
June 2019,North East,E12000001,71495
June 2019,North West,E12000002,155010
June 2019,Yorkshire and The Humber,E12000003,104055
June 2019,East Midlands,E12000004,70205
June 2019,West Midlands,E12000005,128095
June 2019,East,E12000006,77570
June 2019,London,E12000007,165970
June 2019,South East,E12000008,101855
June 2019,South West,E12000009,67855
June 2019,Wales,W92000004,55325
June 2019,Scotland,S92000003,108710
July 2019,North East,E12000001,71250
July 2019,North West,E12000002,155840
July 2019,Yorkshire and The Humber,E12000003,104870
July 2019,East Midlands,E12000004,71715
July 2019,West Midlands,E12000005,129205
July 2019,East,E12000006,78395
July 2019,London,E12000007,167570
July 2019,South East,E12000008,103020
July 2019,South West,E12000009,67910
July 2019,Wales,W92000004,55215
July 2019,Scotland,S92000003,111135
August 2019,North East,E12000001,71580
August 2019,North West,E12000002,158320
August 2019,Yorkshire and The Humber,E12000003,106715
August 2019,East Midlands,E12000004,73170
August 2019,West Midlands,E12000005,131620
August 2019,East,E12000006,79755
August 2019,London,E12000007,170330
August 2019,South East,E12000008,104990
August 2019,South West,E12000009,68800
August 2019,Wales,W92000004,56770
August 2019,Scotland,S92000003,112310
September 2019,North East,E12000001,70760
September 2019,North West,E12000002,156890
September 2019,Yorkshire and The Humber,E12000003,106740
September 2019,East Midlands,E12000004,73270
September 2019,West Midlands,E12000005,133290
September 2019,East,E12000006,80070
September 2019,London,E12000007,173050
September 2019,South East,E12000008,106795
September 2019,South West,E12000009,68385
September 2019,Wales,W92000004,57290
September 2019,Scotland,S92000003,108690
October 2019,North East,E12000001,71910
October 2019,North West,E12000002,159445
October 2019,Yorkshire and The Humber,E12000003,108835
October 2019,East Midlands,E12000004,74610
October 2019,West Midlands,E12000005,135230
October 2019,East,E12000006,82000
October 2019,London,E12000007,175590
October 2019,South East,E12000008,110160
October 2019,South West,E12000009,69765
October 2019,Wales,W92000004,57400
October 2019,Scotland,S92000003,108595
November 2019,North East,E12000001,72235
November 2019,North West,E12000002,160330
November 2019,Yorkshire and The Humber,E12000003,109710
November 2019,East Midlands,E12000004,75025
November 2019,West Midlands,E12000005,136920
November 2019,East,E12000006,83565
November 2019,London,E12000007,177415
November 2019,South East,E12000008,112035
November 2019,South West,E12000009,70950
November 2019,Wales,W92000004,58720
November 2019,Scotland,S92000003,110250
December 2019,North East,E12000001,72465
December 2019,North West,E12000002,160115
December 2019,Yorkshire and The Humber,E12000003,110500
December 2019,East Midlands,E12000004,75710
December 2019,West Midlands,E12000005,136945
December 2019,East,E12000006,84750
December 2019,London,E12000007,177815
December 2019,South East,E12000008,113260
December 2019,South West,E12000009,71590
December 2019,Wales,W92000004,58960
December 2019,Scotland,S92000003,110705
