month,geography,age_band,claimants
January 2014,Redcar and Cleveland,Age unknown (clerical claims),10
January 2014,Redcar and Cleveland,Aged 16-24,1295
January 2014,Redcar and Cleveland,Aged 25-49,2580
January 2014,Redcar and Cleveland,Aged 50+,700
February 2014,Redcar and Cleveland,Age unknown (clerical claims),10
February 2014,Redcar and Cleveland,Aged 16-24,1240
February 2014,Redcar and Cleveland,Aged 25-49,2495
February 2014,Redcar and Cleveland,Aged 50+,680
March 2014,Redcar and Cleveland,Age unknown (clerical claims),10
March 2014,Redcar and Cleveland,Aged 16-24,1155
March 2014,Redcar and Cleveland,Aged 25-49,2375
March 2014,Redcar and Cleveland,Aged 50+,665
April 2014,Redcar and Cleveland,Age unknown (clerical claims),10
April 2014,Redcar and Cleveland,Aged 16-24,1090
April 2014,Redcar and Cleveland,Aged 25-49,2335
April 2014,Redcar and Cleveland,Aged 50+,665
May 2014,Redcar and Cleveland,Age unknown (clerical claims),10
May 2014,Redcar and Cleveland,Aged 16-24,1030
May 2014,Redcar and Cleveland,Aged 25-49,2250
May 2014,Redcar and Cleveland,Aged 50+,645
June 2014,Redcar and Cleveland,Age unknown (clerical claims),10
June 2014,Redcar and Cleveland,Aged 16-24,1005
June 2014,Redcar and Cleveland,Aged 25-49,2105
June 2014,Redcar and Cleveland,Aged 50+,615
July 2014,Redcar and Cleveland,Age unknown (clerical claims),5
July 2014,Redcar and Cleveland,Aged 16-24,1005
July 2014,Redcar and Cleveland,Aged 25-49,2115
July 2014,Redcar and Cleveland,Aged 50+,620
August 2014,Redcar and Cleveland,Age unknown (clerical claims),5
August 2014,Redcar and Cleveland,Aged 16-24,975
August 2014,Redcar and Cleveland,Aged 25-49,2010
August 2014,Redcar and Cleveland,Aged 50+,590
September 2014,Redcar and Cleveland,Age unknown (clerical claims),5
September 2014,Redcar and Cleveland,Aged 16-24,1055
September 2014,Redcar and Cleveland,Aged 25-49,1950
September 2014,Redcar and Cleveland,Aged 50+,600
October 2014,Redcar and Cleveland,Age unknown (clerical claims),5
October 2014,Redcar and Cleveland,Aged 16-24,1045
October 2014,Redcar and Cleveland,Aged 25-49,1870
October 2014,Redcar and Cleveland,Aged 50+,610
November 2014,Redcar and Cleveland,Age unknown (clerical claims),5
November 2014,Redcar and Cleveland,Aged 16-24,960
November 2014,Redcar and Cleveland,Aged 25-49,1780
November 2014,Redcar and Cleveland,Aged 50+,585
December 2014,Redcar and Cleveland,Age unknown (clerical claims),5
December 2014,Redcar and Cleveland,Aged 16-24,955
December 2014,Redcar and Cleveland,Aged 25-49,1790
December 2014,Redcar and Cleveland,Aged 50+,600
January 2015,Redcar and Cleveland,Age unknown (clerical claims),10
January 2015,Redcar and Cleveland,Aged 16-24,950
January 2015,Redcar and Cleveland,Aged 25-49,1845
January 2015,Redcar and Cleveland,Aged 50+,635
February 2015,Redcar and Cleveland,Age unknown (clerical claims),10
February 2015,Redcar and Cleveland,Aged 16-24,935
February 2015,Redcar and Cleveland,Aged 25-49,1790
February 2015,Redcar and Cleveland,Aged 50+,615
March 2015,Redcar and Cleveland,Age unknown (clerical claims),15
March 2015,Redcar and Cleveland,Aged 16-24,905
March 2015,Redcar and Cleveland,Aged 25-49,1750
March 2015,Redcar and Cleveland,Aged 50+,585
April 2015,Redcar and Cleveland,Age unknown (clerical claims),10
April 2015,Redcar and Cleveland,Aged 16-24,840
April 2015,Redcar and Cleveland,Aged 25-49,1675
April 2015,Redcar and Cleveland,Aged 50+,575
May 2015,Redcar and Cleveland,Age unknown (clerical claims),10
May 2015,Redcar and Cleveland,Aged 16-24,745
May 2015,Redcar and Cleveland,Aged 25-49,1615
May 2015,Redcar and Cleveland,Aged 50+,555
June 2015,Redcar and Cleveland,Age unknown (clerical claims),10
June 2015,Redcar and Cleveland,Aged 16-24,690
June 2015,Redcar and Cleveland,Aged 25-49,1565
June 2015,Redcar and Cleveland,Aged 50+,545
July 2015,Redcar and Cleveland,Age unknown (clerical claims),5
July 2015,Redcar and Cleveland,Aged 16-24,670
July 2015,Redcar and Cleveland,Aged 25-49,1520
July 2015,Redcar and Cleveland,Aged 50+,520
August 2015,Redcar and Cleveland,Age unknown (clerical claims),5
August 2015,Redcar and Cleveland,Aged 16-24,685
August 2015,Redcar and Cleveland,Aged 25-49,1480
August 2015,Redcar and Cleveland,Aged 50+,500
September 2015,Redcar and Cleveland,Age unknown (clerical claims),10
September 2015,Redcar and Cleveland,Aged 16-24,705
September 2015,Redcar and Cleveland,Aged 25-49,1420
September 2015,Redcar and Cleveland,Aged 50+,480
October 2015,Redcar and Cleveland,Age unknown (clerical claims),10
October 2015,Redcar and Cleveland,Aged 16-24,725
October 2015,Redcar and Cleveland,Aged 25-49,1695
October 2015,Redcar and Cleveland,Aged 50+,660
November 2015,Redcar and Cleveland,Age unknown (clerical claims),5
November 2015,Redcar and Cleveland,Aged 16-24,710
November 2015,Redcar and Cleveland,Aged 25-49,1845
November 2015,Redcar and Cleveland,Aged 50+,805
December 2015,Redcar and Cleveland,Age unknown (clerical claims),10
December 2015,Redcar and Cleveland,Aged 16-24,720
December 2015,Redcar and Cleveland,Aged 25-49,1910
December 2015,Redcar and Cleveland,Aged 50+,805
January 2016,Redcar and Cleveland,Age unknown (clerical claims),10
January 2016,Redcar and Cleveland,Aged 16-24,780
January 2016,Redcar and Cleveland,Aged 25-49,1995
January 2016,Redcar and Cleveland,Aged 50+,870
February 2016,Redcar and Cleveland,Age unknown (clerical claims),15
February 2016,Redcar and Cleveland,Aged 16-24,780
February 2016,Redcar and Cleveland,Aged 25-49,1975
February 2016,Redcar and Cleveland,Aged 50+,895
March 2016,Redcar and Cleveland,Age unknown (clerical claims),5
March 2016,Redcar and Cleveland,Aged 16-24,765
March 2016,Redcar and Cleveland,Aged 25-49,1920
March 2016,Redcar and Cleveland,Aged 50+,850
April 2016,Redcar and Cleveland,Age unknown (clerical claims),5
April 2016,Redcar and Cleveland,Aged 16-24,715
April 2016,Redcar and Cleveland,Aged 25-49,1750
April 2016,Redcar and Cleveland,Aged 50+,790
May 2016,Redcar and Cleveland,Age unknown (clerical claims),5
May 2016,Redcar and Cleveland,Aged 16-24,685
May 2016,Redcar and Cleveland,Aged 25-49,1685
May 2016,Redcar and Cleveland,Aged 50+,755
June 2016,Redcar and Cleveland,Age unknown (clerical claims),5
June 2016,Redcar and Cleveland,Aged 16-24,670
June 2016,Redcar and Cleveland,Aged 25-49,1675
June 2016,Redcar and Cleveland,Aged 50+,765
July 2016,Redcar and Cleveland,Age unknown (clerical claims),5
July 2016,Redcar and Cleveland,Aged 16-24,695
July 2016,Redcar and Cleveland,Aged 25-49,1715
July 2016,Redcar and Cleveland,Aged 50+,795
August 2016,Redcar and Cleveland,Age unknown (clerical claims),10
August 2016,Redcar and Cleveland,Aged 16-24,740
August 2016,Redcar and Cleveland,Aged 25-49,1695
August 2016,Redcar and Cleveland,Aged 50+,775
September 2016,Redcar and Cleveland,Age unknown (clerical claims),10
September 2016,Redcar and Cleveland,Aged 16-24,755
September 2016,Redcar and Cleveland,Aged 25-49,1615
September 2016,Redcar and Cleveland,Aged 50+,740
October 2016,Redcar and Cleveland,Age unknown (clerical claims),5
October 2016,Redcar and Cleveland,Aged 16-24,790
October 2016,Redcar and Cleveland,Aged 25-49,1630
October 2016,Redcar and Cleveland,Aged 50+,745
November 2016,Redcar and Cleveland,Age unknown (clerical claims),5
November 2016,Redcar and Cleveland,Aged 16-24,755
November 2016,Redcar and Cleveland,Aged 25-49,1640
November 2016,Redcar and Cleveland,Aged 50+,770
December 2016,Redcar and Cleveland,Age unknown (clerical claims),5
December 2016,Redcar and Cleveland,Aged 16-24,765
December 2016,Redcar and Cleveland,Aged 25-49,1670
December 2016,Redcar and Cleveland,Aged 50+,795
January 2017,Redcar and Cleveland,Age unknown (clerical claims),5
January 2017,Redcar and Cleveland,Aged 16-24,735
January 2017,Redcar and Cleveland,Aged 25-49,1770
January 2017,Redcar and Cleveland,Aged 50+,825
February 2017,Redcar and Cleveland,Age unknown (clerical claims),5
February 2017,Redcar and Cleveland,Aged 16-24,745
February 2017,Redcar and Cleveland,Aged 25-49,1810
February 2017,Redcar and Cleveland,Aged 50+,825
March 2017,Redcar and Cleveland,Age unknown (clerical claims),0
March 2017,Redcar and Cleveland,Aged 16-24,775
March 2017,Redcar and Cleveland,Aged 25-49,1765
March 2017,Redcar and Cleveland,Aged 50+,800
April 2017,Redcar and Cleveland,Age unknown (clerical claims),5
April 2017,Redcar and Cleveland,Aged 16-24,750
April 2017,Redcar and Cleveland,Aged 25-49,1675
April 2017,Redcar and Cleveland,Aged 50+,770
May 2017,Redcar and Cleveland,Age unknown (clerical claims),5
May 2017,Redcar and Cleveland,Aged 16-24,720
May 2017,Redcar and Cleveland,Aged 25-49,1625
May 2017,Redcar and Cleveland,Aged 50+,755
June 2017,Redcar and Cleveland,Age unknown (clerical claims),0
June 2017,Redcar and Cleveland,Aged 16-24,750
June 2017,Redcar and Cleveland,Aged 25-49,1580
June 2017,Redcar and Cleveland,Aged 50+,730
July 2017,Redcar and Cleveland,Age unknown (clerical claims),5
July 2017,Redcar and Cleveland,Aged 16-24,735
July 2017,Redcar and Cleveland,Aged 25-49,1565
July 2017,Redcar and Cleveland,Aged 50+,700
August 2017,Redcar and Cleveland,Age unknown (clerical claims),5
August 2017,Redcar and Cleveland,Aged 16-24,755
August 2017,Redcar and Cleveland,Aged 25-49,1515
August 2017,Redcar and Cleveland,Aged 50+,700
September 2017,Redcar and Cleveland,Age unknown (clerical claims),0
September 2017,Redcar and Cleveland,Aged 16-24,760
September 2017,Redcar and Cleveland,Aged 25-49,1480
September 2017,Redcar and Cleveland,Aged 50+,675
October 2017,Redcar and Cleveland,Age unknown (clerical claims),0
October 2017,Redcar and Cleveland,Aged 16-24,750
October 2017,Redcar and Cleveland,Aged 25-49,1430
October 2017,Redcar and Cleveland,Aged 50+,665
November 2017,Redcar and Cleveland,Age unknown (clerical claims),0
November 2017,Redcar and Cleveland,Aged 16-24,725
November 2017,Redcar and Cleveland,Aged 25-49,1415
November 2017,Redcar and Cleveland,Aged 50+,670
December 2017,Redcar and Cleveland,Age unknown (clerical claims),0
December 2017,Redcar and Cleveland,Aged 16-24,695
December 2017,Redcar and Cleveland,Aged 25-49,1475
December 2017,Redcar and Cleveland,Aged 50+,705
January 2018,Redcar and Cleveland,Age unknown (clerical claims),0
January 2018,Redcar and Cleveland,Aged 16-24,725
January 2018,Redcar and Cleveland,Aged 25-49,1540
January 2018,Redcar and Cleveland,Aged 50+,720
February 2018,Redcar and Cleveland,Age unknown (clerical claims),0
February 2018,Redcar and Cleveland,Aged 16-24,755
February 2018,Redcar and Cleveland,Aged 25-49,1580
February 2018,Redcar and Cleveland,Aged 50+,750
March 2018,Redcar and Cleveland,Age unknown (clerical claims),0
March 2018,Redcar and Cleveland,Aged 16-24,780
March 2018,Redcar and Cleveland,Aged 25-49,1555
March 2018,Redcar and Cleveland,Aged 50+,735
April 2018,Redcar and Cleveland,Age unknown (clerical claims),0
April 2018,Redcar and Cleveland,Aged 16-24,745
April 2018,Redcar and Cleveland,Aged 25-49,1560
April 2018,Redcar and Cleveland,Aged 50+,730
May 2018,Redcar and Cleveland,Age unknown (clerical claims),0
May 2018,Redcar and Cleveland,Aged 16-24,690
May 2018,Redcar and Cleveland,Aged 25-49,1500
May 2018,Redcar and Cleveland,Aged 50+,720
June 2018,Redcar and Cleveland,Age unknown (clerical claims),0
June 2018,Redcar and Cleveland,Aged 16-24,610
June 2018,Redcar and Cleveland,Aged 25-49,1410
June 2018,Redcar and Cleveland,Aged 50+,690
July 2018,Redcar and Cleveland,Age unknown (clerical claims),0
July 2018,Redcar and Cleveland,Aged 16-24,595
July 2018,Redcar and Cleveland,Aged 25-49,1365
July 2018,Redcar and Cleveland,Aged 50+,670
August 2018,Redcar and Cleveland,Age unknown (clerical claims),5
August 2018,Redcar and Cleveland,Aged 16-24,560
August 2018,Redcar and Cleveland,Aged 25-49,1355
August 2018,Redcar and Cleveland,Aged 50+,685
September 2018,Redcar and Cleveland,Age unknown (clerical claims),0
September 2018,Redcar and Cleveland,Aged 16-24,570
September 2018,Redcar and Cleveland,Aged 25-49,1325
September 2018,Redcar and Cleveland,Aged 50+,710
October 2018,Redcar and Cleveland,Age unknown (clerical claims),0
October 2018,Redcar and Cleveland,Aged 16-24,555
October 2018,Redcar and Cleveland,Aged 25-49,1310
October 2018,Redcar and Cleveland,Aged 50+,730
November 2018,Redcar and Cleveland,Age unknown (clerical claims),0
November 2018,Redcar and Cleveland,Aged 16-24,560
November 2018,Redcar and Cleveland,Aged 25-49,1310
November 2018,Redcar and Cleveland,Aged 50+,705
December 2018,Redcar and Cleveland,Age unknown (clerical claims),0
December 2018,Redcar and Cleveland,Aged 16-24,565
December 2018,Redcar and Cleveland,Aged 25-49,1340
December 2018,Redcar and Cleveland,Aged 50+,720
